{
  "" : {
    "transaction" : "",
    "sampleCount" : 8,
    "errorCount" : 0,
    "errorPct" : 0.0,
    "meanResTime" : 1409.625,
    "medianResTime" : 784.0,
    "minResTime" : 179.0,
    "maxResTime" : 3757.0,
    "pct1ResTime" : 3757.0,
    "pct2ResTime" : 3757.0,
    "pct3ResTime" : 3757.0,
    "throughput" : 1.3785972772703774,
    "receivedKBytesPerSec" : 12.436993796312253,
    "sentKBytesPerSec" : 2.742721975702223
  },
  "-54-1" : {
    "transaction" : "-54-1",
    "sampleCount" : 2,
    "errorCount" : 0,
    "errorPct" : 0.0,
    "meanResTime" : 1350.5,
    "medianResTime" : 1350.5,
    "minResTime" : 1139.0,
    "maxResTime" : 1562.0,
    "pct1ResTime" : 1562.0,
    "pct2ResTime" : 1562.0,
    "pct3ResTime" : 1562.0,
    "throughput" : 1.2698412698412698,
    "receivedKBytesPerSec" : 19.74640376984127,
    "sentKBytesPerSec" : 0.7328869047619048
  },
  "-37-0" : {
    "transaction" : "-37-0",
    "sampleCount" : 20,
    "errorCount" : 0,
    "errorPct" : 0.0,
    "meanResTime" : 159.35,
    "medianResTime" : 148.5,
    "minResTime" : 120.0,
    "maxResTime" : 231.0,
    "pct1ResTime" : 229.50000000000003,
    "pct2ResTime" : 231.0,
    "pct3ResTime" : 231.0,
    "throughput" : 20.04008016032064,
    "receivedKBytesPerSec" : 7.867297094188377,
    "sentKBytesPerSec" : 6.7322144288577155
  },
  "-37-1" : {
    "transaction" : "-37-1",
    "sampleCount" : 20,
    "errorCount" : 0,
    "errorPct" : 0.0,
    "meanResTime" : 4897.35,
    "medianResTime" : 5075.0,
    "minResTime" : 3099.0,
    "maxResTime" : 5694.0,
    "pct1ResTime" : 5550.7,
    "pct2ResTime" : 5687.2,
    "pct3ResTime" : 5694.0,
    "throughput" : 3.4989503149055285,
    "receivedKBytesPerSec" : 55.704211588086075,
    "sentKBytesPerSec" : 1.1754286214135758
  },
  "-50" : {
    "transaction" : "-50",
    "sampleCount" : 2,
    "errorCount" : 0,
    "errorPct" : 0.0,
    "meanResTime" : 64.0,
    "medianResTime" : 64.0,
    "minResTime" : 62.0,
    "maxResTime" : 66.0,
    "pct1ResTime" : 66.0,
    "pct2ResTime" : 66.0,
    "pct3ResTime" : 66.0,
    "throughput" : 4.016064257028112,
    "receivedKBytesPerSec" : 0.9059676204819277,
    "sentKBytesPerSec" : 1.8903739959839359
  },
  "-40" : {
    "transaction" : "-40",
    "sampleCount" : 2,
    "errorCount" : 0,
    "errorPct" : 0.0,
    "meanResTime" : 63.0,
    "medianResTime" : 63.0,
    "minResTime" : 63.0,
    "maxResTime" : 63.0,
    "pct1ResTime" : 63.0,
    "pct2ResTime" : 63.0,
    "pct3ResTime" : 63.0,
    "throughput" : 3.883495145631068,
    "receivedKBytesPerSec" : 0.8760618932038835,
    "sentKBytesPerSec" : 1.809010922330097
  },
  "-41" : {
    "transaction" : "-41",
    "sampleCount" : 2,
    "errorCount" : 0,
    "errorPct" : 0.0,
    "meanResTime" : 59.0,
    "medianResTime" : 59.0,
    "minResTime" : 58.0,
    "maxResTime" : 60.0,
    "pct1ResTime" : 60.0,
    "pct2ResTime" : 60.0,
    "pct3ResTime" : 60.0,
    "throughput" : 3.9138943248532287,
    "receivedKBytesPerSec" : 0.8829195205479452,
    "sentKBytesPerSec" : 1.857570939334638
  },
  "-42" : {
    "transaction" : "-42",
    "sampleCount" : 2,
    "errorCount" : 0,
    "errorPct" : 0.0,
    "meanResTime" : 57.5,
    "medianResTime" : 57.5,
    "minResTime" : 56.0,
    "maxResTime" : 59.0,
    "pct1ResTime" : 59.0,
    "pct2ResTime" : 59.0,
    "pct3ResTime" : 59.0,
    "throughput" : 3.9447731755424065,
    "receivedKBytesPerSec" : 0.8898853550295858,
    "sentKBytesPerSec" : 1.8683740138067062
  },
  "-43" : {
    "transaction" : "-43",
    "sampleCount" : 2,
    "errorCount" : 0,
    "errorPct" : 0.0,
    "meanResTime" : 61.5,
    "medianResTime" : 61.5,
    "minResTime" : 60.0,
    "maxResTime" : 63.0,
    "pct1ResTime" : 63.0,
    "pct2ResTime" : 63.0,
    "pct3ResTime" : 63.0,
    "throughput" : 3.883495145631068,
    "receivedKBytesPerSec" : 0.8760618932038835,
    "sentKBytesPerSec" : 1.8393507281553398
  },
  "-54" : {
    "transaction" : "-54",
    "sampleCount" : 2,
    "errorCount" : 0,
    "errorPct" : 0.0,
    "meanResTime" : 1399.5,
    "medianResTime" : 1399.5,
    "minResTime" : 1190.0,
    "maxResTime" : 1609.0,
    "pct1ResTime" : 1609.0,
    "pct2ResTime" : 1609.0,
    "pct3ResTime" : 1609.0,
    "throughput" : 1.2330456226880395,
    "receivedKBytesPerSec" : 19.658287415228113,
    "sentKBytesPerSec" : 1.4233007090012328
  },
  "-44" : {
    "transaction" : "-44",
    "sampleCount" : 2,
    "errorCount" : 0,
    "errorPct" : 0.0,
    "meanResTime" : 62.5,
    "medianResTime" : 62.5,
    "minResTime" : 61.0,
    "maxResTime" : 64.0,
    "pct1ResTime" : 64.0,
    "pct2ResTime" : 64.0,
    "pct3ResTime" : 64.0,
    "throughput" : 3.8535645472061657,
    "receivedKBytesPerSec" : 0.8693099710982659,
    "sentKBytesPerSec" : 1.8251746146435452
  },
  "-45" : {
    "transaction" : "-45",
    "sampleCount" : 2,
    "errorCount" : 0,
    "errorPct" : 0.0,
    "meanResTime" : 69.0,
    "medianResTime" : 69.0,
    "minResTime" : 69.0,
    "maxResTime" : 69.0,
    "pct1ResTime" : 69.0,
    "pct2ResTime" : 69.0,
    "pct3ResTime" : 69.0,
    "throughput" : 3.8240917782026767,
    "receivedKBytesPerSec" : 0.8626613288718928,
    "sentKBytesPerSec" : 1.81121534416826
  },
  "-46" : {
    "transaction" : "-46",
    "sampleCount" : 2,
    "errorCount" : 0,
    "errorPct" : 0.0,
    "meanResTime" : 68.0,
    "medianResTime" : 68.0,
    "minResTime" : 64.0,
    "maxResTime" : 72.0,
    "pct1ResTime" : 72.0,
    "pct2ResTime" : 72.0,
    "pct3ResTime" : 72.0,
    "throughput" : 3.8240917782026767,
    "receivedKBytesPerSec" : 0.8626613288718928,
    "sentKBytesPerSec" : 1.81121534416826
  },
  "-47" : {
    "transaction" : "-47",
    "sampleCount" : 2,
    "errorCount" : 0,
    "errorPct" : 0.0,
    "meanResTime" : 56.5,
    "medianResTime" : 56.5,
    "minResTime" : 56.0,
    "maxResTime" : 57.0,
    "pct1ResTime" : 57.0,
    "pct2ResTime" : 57.0,
    "pct3ResTime" : 57.0,
    "throughput" : 3.976143141153081,
    "receivedKBytesPerSec" : 0.8969619781312127,
    "sentKBytesPerSec" : 1.875465954274354
  },
  "-37" : {
    "transaction" : "-37",
    "sampleCount" : 20,
    "errorCount" : 0,
    "errorPct" : 0.0,
    "meanResTime" : 5057.65,
    "medianResTime" : 5223.0,
    "minResTime" : 3258.0,
    "maxResTime" : 5912.0,
    "pct1ResTime" : 5782.7,
    "pct2ResTime" : 5905.9,
    "pct3ResTime" : 5912.0,
    "throughput" : 3.370407819346141,
    "receivedKBytesPerSec" : 54.98092954794405,
    "sentKBytesPerSec" : 2.2644927536231885
  },
  "-48" : {
    "transaction" : "-48",
    "sampleCount" : 2,
    "errorCount" : 0,
    "errorPct" : 0.0,
    "meanResTime" : 60.0,
    "medianResTime" : 60.0,
    "minResTime" : 60.0,
    "maxResTime" : 60.0,
    "pct1ResTime" : 60.0,
    "pct2ResTime" : 60.0,
    "pct3ResTime" : 60.0,
    "throughput" : 3.9603960396039604,
    "receivedKBytesPerSec" : 0.8934096534653465,
    "sentKBytesPerSec" : 1.8641707920792079
  },
  "-38" : {
    "transaction" : "-38",
    "sampleCount" : 2,
    "errorCount" : 0,
    "errorPct" : 0.0,
    "meanResTime" : 139.5,
    "medianResTime" : 139.5,
    "minResTime" : 124.0,
    "maxResTime" : 155.0,
    "pct1ResTime" : 155.0,
    "pct2ResTime" : 155.0,
    "pct3ResTime" : 155.0,
    "throughput" : 3.278688524590164,
    "receivedKBytesPerSec" : 0.7396260245901639,
    "sentKBytesPerSec" : 1.5336834016393444
  },
  "-49" : {
    "transaction" : "-49",
    "sampleCount" : 2,
    "errorCount" : 0,
    "errorPct" : 0.0,
    "meanResTime" : 61.5,
    "medianResTime" : 61.5,
    "minResTime" : 57.0,
    "maxResTime" : 66.0,
    "pct1ResTime" : 66.0,
    "pct2ResTime" : 66.0,
    "pct3ResTime" : 66.0,
    "throughput" : 3.9840637450199203,
    "receivedKBytesPerSec" : 0.8987487549800797,
    "sentKBytesPerSec" : 1.8753112549800797
  },
  "-39" : {
    "transaction" : "-39",
    "sampleCount" : 2,
    "errorCount" : 0,
    "errorPct" : 0.0,
    "meanResTime" : 64.5,
    "medianResTime" : 64.5,
    "minResTime" : 63.0,
    "maxResTime" : 66.0,
    "pct1ResTime" : 66.0,